{
  "none": {
    "energy_retention_mean": 1.0,
    "energy_retention_std": 0.0,
    "shifted_band_mean": 1.0
  },
  "noise_001": {
    "energy_retention_mean": 1.99638069244964,
    "energy_retention_std": 13.441497924068342,
    "shifted_band_mean": 1.0177776775426335
  },
  "noise_005": {
    "energy_retention_mean": 20.272142430970927,
    "energy_retention_std": 182.9788261895074,
    "shifted_band_mean": 1.3321213162331669
  },
  "noise_01": {
    "energy_retention_mean": 68.71822780311383,
    "energy_retention_std": 561.6871452319477,
    "shifted_band_mean": 2.375799983105174
  },
  "shift_5": {
    "energy_retention_mean": 1.3748980086801263,
    "energy_retention_std": 6.015513293202442,
    "shifted_band_mean": 0.9962655092831011
  },
  "shift_20": {
    "energy_retention_mean": 1.4067570431097582,
    "energy_retention_std": 7.307574786441086,
    "shifted_band_mean": 1.0048081052248126
  },
  "shift_50": {
    "energy_retention_mean": 1.512179677133207,
    "energy_retention_std": 5.021641883551715,
    "shifted_band_mean": 1.006591056259694
  },
  "specaugment": {
    "energy_retention_mean": 17.21260730613161,
    "energy_retention_std": 165.5062759413477,
    "shifted_band_mean": 1.1349987171797289
  },
  "combined": {
    "energy_retention_mean": 24.56243407181076,
    "energy_retention_std": 358.16927860774,
    "shifted_band_mean": 1.3579548971796478
  },
  "freq_flip": {
    "energy_retention_mean": 20.922793612298037,
    "energy_retention_std": 196.85338528584296,
    "shifted_band_mean": 2.829950021976536
  }
}