{
  "none": {
    "metric": "min(E_aug/E_orig, E_orig/E_aug) on envelope-spectrum fault bands",
    "energy_retention_mean": 1.0,
    "energy_retention_std": 0.0,
    "raw_energy_ratio_mean": 1.0,
    "raw_energy_ratio_median": 1.0,
    "shifted_band_mean": 1.0
  },
  "noise_001": {
    "metric": "min(E_aug/E_orig, E_orig/E_aug) on envelope-spectrum fault bands",
    "energy_retention_mean": 0.9973200344356613,
    "energy_retention_std": 0.0030418215724760077,
    "raw_energy_ratio_mean": 0.9997974746511501,
    "raw_energy_ratio_median": 0.9998271875228473,
    "shifted_band_mean": 0.9968317913908882
  },
  "noise_005": {
    "metric": "min(E_aug/E_orig, E_orig/E_aug) on envelope-spectrum fault bands",
    "energy_retention_mean": 0.9865141492490794,
    "energy_retention_std": 0.015234789672937375,
    "raw_energy_ratio_mean": 0.9981460528917199,
    "raw_energy_ratio_median": 0.9962822024861276,
    "shifted_band_mean": 0.983824405991141
  },
  "noise_01": {
    "metric": "min(E_aug/E_orig, E_orig/E_aug) on envelope-spectrum fault bands",
    "energy_retention_mean": 0.9709475600038732,
    "energy_retention_std": 0.030556567369589345,
    "raw_energy_ratio_mean": 0.9917730186727357,
    "raw_energy_ratio_median": 0.9887095995911066,
    "shifted_band_mean": 0.9682871580155721
  },
  "shift_5": {
    "metric": "min(E_aug/E_orig, E_orig/E_aug) on envelope-spectrum fault bands",
    "energy_retention_mean": 0.9855080483020621,
    "energy_retention_std": 0.028848441681084504,
    "raw_energy_ratio_mean": 1.0001927487939426,
    "raw_energy_ratio_median": 1.0000310025042771,
    "shifted_band_mean": 0.9833475521493146
  },
  "shift_20": {
    "metric": "min(E_aug/E_orig, E_orig/E_aug) on envelope-spectrum fault bands",
    "energy_retention_mean": 0.9433607707429301,
    "energy_retention_std": 0.08311107724141792,
    "raw_energy_ratio_mean": 1.0117099531900458,
    "raw_energy_ratio_median": 1.0017413620009128,
    "shifted_band_mean": 0.946417701486356
  },
  "shift_50": {
    "metric": "min(E_aug/E_orig, E_orig/E_aug) on envelope-spectrum fault bands",
    "energy_retention_mean": 0.891088499038108,
    "energy_retention_std": 0.13455862563581675,
    "raw_energy_ratio_mean": 1.049355904017516,
    "raw_energy_ratio_median": 1.0067349775892853,
    "shifted_band_mean": 0.9191648670289948
  },
  "specaugment": {
    "metric": "min(E_aug/E_orig, E_orig/E_aug) on envelope-spectrum fault bands",
    "energy_retention_mean": 0.7911009399012808,
    "energy_retention_std": 0.17671096688895266,
    "raw_energy_ratio_mean": 1.031816481884701,
    "raw_energy_ratio_median": 0.9585368582626115,
    "shifted_band_mean": 0.8559879916327812
  },
  "combined": {
    "metric": "min(E_aug/E_orig, E_orig/E_aug) on envelope-spectrum fault bands",
    "energy_retention_mean": 0.9394296622764792,
    "energy_retention_std": 0.0899893467518431,
    "raw_energy_ratio_mean": 1.0176490595164334,
    "raw_energy_ratio_median": 0.9991775189644541,
    "shifted_band_mean": 0.942677536558181
  },
  "freq_flip": {
    "metric": "min(E_aug/E_orig, E_orig/E_aug) on envelope-spectrum fault bands",
    "energy_retention_mean": 0.5474984523841526,
    "energy_retention_std": 0.21334696292346814,
    "raw_energy_ratio_mean": 0.7667138271221106,
    "raw_energy_ratio_median": 0.5780620833011683,
    "shifted_band_mean": 0.6653992626388497
  }
}