{
  "none": {
    "energy_retention_mean": 1.0,
    "energy_retention_std": 0.0,
    "shifted_band_mean": 1.0
  },
  "noise_001": {
    "energy_retention_mean": 531.9875972835183,
    "energy_retention_std": 17416.7582987015,
    "shifted_band_mean": 1.014842059932373
  },
  "noise_005": {
    "energy_retention_mean": 17345.118858376933,
    "energy_retention_std": 568440.7593685938,
    "shifted_band_mean": 1.3563649394721897
  },
  "noise_01": {
    "energy_retention_mean": 52925.83104686625,
    "energy_retention_std": 1736608.1269667544,
    "shifted_band_mean": 2.4372424841754965
  },
  "shift_5": {
    "energy_retention_mean": 73.43778371414238,
    "energy_retention_std": 2375.373994891666,
    "shifted_band_mean": 1.0053490005985455
  },
  "shift_20": {
    "energy_retention_mean": 101.40587889830348,
    "energy_retention_std": 3281.4111261590715,
    "shifted_band_mean": 1.003701387538954
  },
  "shift_50": {
    "energy_retention_mean": 115.48771167994494,
    "energy_retention_std": 3742.0198261211417,
    "shifted_band_mean": 1.0088219042177553
  },
  "specaugment": {
    "energy_retention_mean": 2181.5680340785066,
    "energy_retention_std": 71218.45942863799,
    "shifted_band_mean": 1.1421123739400947
  },
  "combined": {
    "energy_retention_mean": 5417.1602311979295,
    "energy_retention_std": 177344.32994025407,
    "shifted_band_mean": 1.3668076107347453
  },
  "freq_flip": {
    "energy_retention_mean": 8735.487101496914,
    "energy_retention_std": 286315.61615712126,
    "shifted_band_mean": 2.995986973228692
  }
}