{
  "augmentations": [
    "noise_001",
    "noise_005",
    "noise_01",
    "shift_5",
    "shift_20",
    "shift_50",
    "specaugment",
    "combined",
    "freq_flip"
  ],
  "energy_retention": [
    531.9875972835183,
    17345.118858376933,
    52925.83104686625,
    73.43778371414238,
    101.40587889830348,
    115.48771167994494,
    2181.5680340785066,
    5417.1602311979295,
    8735.487101496914
  ],
  "delta_recovery": [
    -0.116,
    -0.0442,
    0.0403,
    0.061,
    -0.2468,
    -0.119,
    0.0531,
    -0.0157,
    -0.4258
  ],
  "spearman_rho": -0.0167,
  "p_value": 0.9661,
  "h4_supported": false
}