{
  "augmentations": [
    "noise_001",
    "noise_005",
    "noise_01",
    "shift_5",
    "shift_20",
    "shift_50",
    "specaugment",
    "combined",
    "freq_flip"
  ],
  "energy_retention": [
    1.99638069244964,
    20.272142430970927,
    68.71822780311383,
    1.3748980086801263,
    1.4067570431097582,
    1.512179677133207,
    17.21260730613161,
    24.56243407181076,
    20.922793612298037
  ],
  "delta_recovery": [
    0.1326,
    -0.2874,
    0.0921,
    0.1468,
    0.1336,
    -0.2885,
    -0.2935,
    -0.2439,
    -0.163
  ],
  "spearman_rho": -0.3667,
  "p_value": 0.3317,
  "h4_supported": false
}